{
  "setting": {},
  "condition": {
    "plugin": {
      "list": []
    },
    "game": {
      "list": []
    },
    "gamePlugin": {
      "list": []
    },
    "miniprogram": {
      "list": [
        {
          "id": -1,
          "name": "db guide",
          "pathName": "pages/databaseGuide/databaseGuide",
          "query": ""
        },
        {
          "name": "pages/myself/myself",
          "pathName": "pages/myself/myself",
          "query": "",
          "scene": null
        },
        {
          "name": "pages/shop/shop",
          "pathName": "pages/shop/shop",
          "query": "",
          "scene": null
        },
        {
          "name": "pages/index/index",
          "pathName": "pages/index/index",
          "query": "",
          "scene": null
        },
        {
          "name": "pages/index_detail/index_detail",
          "pathName": "pages/index_detail/index_detail",
          "query": "",
          "scene": null
        },
        {
          "name": "pages/shop_detail/shop_detail",
          "pathName": "pages/shop_detail/shop_detail",
          "query": "",
          "scene": null
        },
        {
          "name": "pages/shoppingCart/shoppingCart",
          "pathName": "pages/shoppingCart/shoppingCart",
          "query": "",
          "scene": null
        },
        {
          "name": "pages/home/home",
          "pathName": "pages/home/home",
          "query": "",
          "scene": null
        },
        {
          "name": "pages/homeAdd_detail/homeAdd_detail",
          "pathName": "pages/homeAdd_detail/homeAdd_detail",
          "query": "",
          "scene": null
        },
        {
          "name": "pages/home_detail/home_detail",
          "pathName": "pages/home_detail/home_detail",
          "query": "id=bf4a0bf261e1587c06539f8350b81c70&index=0",
          "scene": null
        }
      ]
    }
  }
}